"","area","location","Timepoint","date","water_temp","nest_ID","Nest_size","Live_eggs","Egg_squares","Eyed","male","length","weight","canibalism","hatched_in_box"
"1","Arendal","Langrumpa","3","21.07.2022",17.7,15,"s","y",22,"n","y",36,36,"y",""
"2","Arendal","Sven Johnsens","2","22.06.2022",14.6,13,"s","y",17,"n","y",36.5,39,"y",""
"3","Austevoll","Tipatiskaeret","2","22.06.2022",13.4,15,"s","n",0,"","y",36.5,34,"",""
"4","Austevoll","Lamoya","3","22.07.2022",NA,17,"s","y",30,"n","y",37,41,"n",""
"5","Arendal","Langrumpa","3","21.07.2022",17.7,21,"s","y",16,"n","y",37.5,46,"n",""
"6","Arendal","St Helena","2","17.06.2022",NA,28,"l","y",8,"y","y",37.5,47,"","y"
"7","Arendal","St Helena","2","17.06.2022",NA,25,"s","y",4,"y","y",38,48,"","y"
"8","Austevoll","Tipatiskaeret","2","22.06.2022",13.4,13,"s","y",27.5,"n","y",38,49,"y",""
"9","Austevoll","Krabbavika","2","19.06.2022",12.9,22,"l","y",52,"y","y",38,44,"n",""
"10","Arendal","Sven Johnsens","3","20.07.2022",16.6,5,"s","y",20,"n","y",38.5,49,"y","y"
"11","Arendal","St Helena","3","19.07.2022",17.3,23,"s","y",30,"n","y",38.5,44,"n",""
"12","Hitra","Feoya f4-5","2","10.06.2022",10.25,22,"","n",0,"","y",39,42,"",""
"13","Hitra","Teistholmen 10","3","07.07.2022",13,9,"s","y",16,"y","y",39,47,"n",""
"14","Arendal","Sven Johnsens","3","20.07.2022",16.6,11,"s","y",8,"n","y",39,47,"n",""
"15","Arendal","St Helena","3","19.07.2022",17.3,1,"s","y",26,"n","y",39,52,"n",""
"16","Austevoll","Krabbavika","3","21.07.2022",15.9,21,"s","y",27.5,"y","y",39,63,"y",""
"17","Austevoll","Krabbavika","3","21.07.2022",15.9,27,"s","y",11,"n","y",39,50,"",""
"18","Hitra","Teistholmen 10","3","07.07.2022",13,12,"l","y",36,"n","y",39.5,55,"n",""
"19","Arendal","St Helena","2","17.06.2022",NA,29,"s","y",29,"n","y",39.5,58,"y",""
"20","Hitra","Teistholmen 10","3","07.07.2022",13,13,"s","y",40,"n","y",40,59,"n",""
"21","Hitra","Teistholmen 10","3","07.07.2022",13,16,"l","y",7,"y","y",40,50,"n",""
"22","Arendal","St Helena","3","19.07.2022",17.3,25,"s","n",0,"","y",40,50,"",""
"23","Austevoll","Tipatiskaeret","3","24.07.2022",15.1,21,"s","y",8,"y","y",40,57,"y",""
"24","Austevoll","Krabbavika","3","21.07.2022",15.9,9,"s","y",37,"n","y",40,50,"n",""
"25","Austevoll","Krabbavika","3","21.07.2022",15.9,10,"l","y",78,"y","y",40,54,"y",""
"26","Austevoll","Tipatiskaeret","2","22.06.2022",13.4,29,"s","y",26,"y","y",40,49,"",""
"27","Austevoll","Lamoya","2","20.0.2022",13.9,18,"l","y",87.5,"y","y",40,52,"y",""
"28","Arendal","St Helena","3","19.07.2022",17.3,5,"s","y",10,"y","y",40.5,49,"y","y"
"29","Arendal","Langrumpa","2","21.06.2022",14.5,17,"s","y",30,"n","y",40.5,50,"n",""
"30","Austevoll","Tipatiskaeret","3","24.07.2022",15.1,13,"s","y",3,"n","y",40.5,59,"y",""
"31","Austevoll","Tipatiskaeret","3","24.07.2022",15.1,15,"s","y",28,"y","y",40.5,49,"y",""
"32","Helligvaer","Store-kvannoya","2","10.06.2022",NA,5,"s","y",28,"n","y",40.5,49,"n",""
"33","Hitra","Feoya f4-5","3","10.07.2022",12.8,2,"l","n",0,"","y",41,52,"",""
"34","Hitra","Feoya f4-5","3","10.07.2022",12.8,21,"s","y",31,"y","y",41,58,"n",""
"35","Arendal","St Helena","3","19.07.2022",17.3,10,"l","y",54,"y","y",41,54,"","y"
"36","Kristineberg","Blabergsholmen","3","15.07.2022",NA,27,"s","y",25,"y","y",41,64,"y","y"
"37","Austevoll","Lamoya","2","20.0.2022",13.9,15,"s","n",0,"","y",41,54,"",""
"38","Helligvaer","Store-kvannoya","2","10.06.2022",NA,15,"s","y",1.5,"n","y",41,51,"n",""
"39","Arendal","Langrumpa","3","21.07.2022",17.7,14,"l","y",22,"n","y",41.5,61,"n",""
"40","Arendal","St Helena","3","19.07.2022",17.3,8,"l","y",45,"y","y",41.5,62,"y",""
"41","Arendal","St Helena","3","19.07.2022",17.3,4,"l","y",26,"y","y",41.5,55,"n","y"
"42","Hitra","Feoya f4-5","3","10.07.2022",12.8,9,"s","y",NA,"n","y",42,70,"","y"
"43","Hitra","Teistholmen 10","3","07.07.2022",13,11,"s","y",35,"n","y",42,63,"n",""
"44","Hitra","Teistholmen 10","3","07.07.2022",13,15,"s","y",40,"y","y",42,69,"n",""
"45","Arendal","St Helena","2","17.06.2022",NA,27,"s","y",35,"y","y",42,61,"n",""
"46","Austevoll","Krabbavika","3","21.07.2022",15.9,5,"s","y",30,"y","y",42,52,"y",""
"47","Austevoll","Krabbavika","3","21.07.2022",15.9,26,"l","y",67,"n","y",42,63,"n",""
"48","Austevoll","Krabbavika","2","19.06.2022",12.9,29,"s","y",17,"y","y",42,57,"n",""
"49","Helligvaer","Gudmunholmen","2","12.06.2022",NA,27,"s","n",0,"","y",42,54,"",""
"50","Helligvaer","Litj-sorroy","2","13.06.2022",10,28,"l","y",18,"n","y",42,53,"y",""
"51","Arendal","Langrumpa","3","21.07.2022",17.7,26,"l","y",15,"y","y",42.5,62,"n","y"
"52","Arendal","Langrumpa","3","21.07.2022",17.7,24,"l","y",54,"n","y",42.5,66,"n",""
"53","Helligvaer","Litj-sorroy","3","04.07.2022",13.6,28,"l","y",26,"n","y",42.5,57,"y","y"
"54","Hitra","Teistholmen 10","2","12.06.2022",NA,11,"s","y",39,"y","y",43,60,"n",""
"55","Hitra","Teistholmen 10","3","07.07.2022",13,17,"s","y",30,"y","y",43,65,"n",""
"56","Arendal","Langrumpa","2","21.06.2022",14.5,22,"l","y",27,"n","y",43,67,"",""
"57","Arendal","Langrumpa","2","21.06.2022",14.5,13,"s","y",24,"n","y",43,69,"y",""
"58","Austevoll","Lamoya","3","22.07.2022",NA,11,"s","y",42,"y","y",43,59,"y",""
"59","Austevoll","Tipatiskaeret","3","24.07.2022",15.1,12,"l","y",73,"y","y",43,68,"y",""
"60","Austevoll","Tipatiskaeret","2","22.06.2022",13.4,21,"s","y",24.5,"n","y",43,63,"y",""
"61","Helligvaer","Gudmunholmen","3","05.07.2022",NA,3,"s","y",26,"y","y",43,59,"y",""
"62","Helligvaer","Gudmunholmen","3","05.07.2022",NA,23,"s","y",1.5,"y","y",43,59,"y","y"
"63","Hitra","Teistholmen 10","2","12.06.2022",NA,12,"l","y",91.5,"y","y",43.5,77,"n",""
"64","Arendal","St Helena","3","19.07.2022",17.3,9,"s","y",30,"y","y",43.5,65,"y",""
"65","Arendal","St Helena","3","19.07.2022",17.3,21,"s","y",30,"n","y",43.5,65,"y",""
"66","Austevoll","Tipatiskaeret","2","22.06.2022",13.4,19,"s","y",24,"y","y",43.5,67,"y",""
"67","Arendal","Langrumpa","3","21.07.2022",17.7,19,"s","n",0,"n","y",44,61,"n",""
"68","Arendal","Sven Johnsens","3","20.07.2022",16.6,7,"s","y",21,"y","y",44,77,"y",""
"69","Arendal","Sven Johnsens","3","20.07.2022",16.6,4,"l","y",78,"n","y",44,69,"y",""
"70","Arendal","St Helena","3","19.07.2022",17.3,26,"l","y",6,"y","y",44,75,"n","y"
"71","Arendal","St Helena","3","19.07.2022",17.3,30,"l","n",0,"","y",44,78,"","y"
"72","Arendal","Sven Johnsens","2","22.06.2022",14.6,6,"l","y",23,"n","y",44,68,"n",""
"73","Kristineberg","Tjallsoholmen","2","05.06.2022",14.2,17,"s","y",20,"y","y",44,63,"y",""
"74","Helligvaer","Store-kvannoya","2","10.06.2022",NA,9,"s","y",33,"n","y",44,61,"n",""
"75","Hitra","Feoya f4-5","2","10.06.2022",10.25,27,"s","y",31,"y","y",44.5,68,"n",""
"76","Hitra","Teistholmen 10","2","12.06.2022",NA,17,"s","y",36.5,"y","y",44.5,73,"y",""
"77","Hitra","Feoya f4-5","3","10.07.2022",12.8,4,"l","n",0,"","y",44.5,67,"",""
"78","Arendal","Sven Johnsens","3","20.07.2022",16.6,12,"l","y",66,"n","y",44.5,78,"y",""
"79","Arendal","St Helena","2","17.06.2022",NA,30,"l","y",2,"y","y",44.5,75,"","y"
"80","Kristineberg","Tjallsoholmen","3","11.07.2022",18.5,25,"s","y",27.5,"y","y",44.5,70,"y",""
"81","Helligvaer","Litj-sorroy","3","04.07.2022",13.6,30,"l","n",0,"","y",44.5,65,"y",""
"82","Hitra","Teistholmen 10","2","12.06.2022",NA,13,"s","y",34,"y","y",45,74,"n",""
"83","Hitra","Teistholmen 10","2","12.06.2022",NA,6,"l","y",48.5,"n","y",45,73,"y",""
"84","Hitra","Teistholmen 10","3","07.07.2022",13,19,"s","y",11,"y","y",45,72,"n",""
"85","Hitra","Teistholmen 10","3","07.07.2022",13,6,"l","n",0,"","y",45,81,"n",""
"86","Hitra","Teistholmen 10","3","07.07.2022",13,8,"l","y",36,"y","y",45,83,"n",""
"87","Arendal","Langrumpa","3","21.07.2022",17.7,18,"l","n",0,"n","y",45,74,"n",""
"88","Arendal","St Helena","3","19.07.2022",17.3,27,"s","y",12,"n","y",45,74,"n",""
"89","Arendal","St Helena","2","17.06.2022",NA,26,"ll","y",91,"n","y",45,77,"y",""
"90","Arendal","St Helena","2","17.06.2022",NA,2,"l","y",40,"y","y",45,85,"",""
"91","Austevoll","Lamoya","2","20.0.2022",13.9,7,"s","y",0,"","y",45,65,"","y"
"92","Helligvaer","Litj-sorroy","3","04.07.2022",13.6,13,"s","n",0,"","y",45,66,"",""
"93","Helligvaer","Store-kvannoya","3","07.07.2022",12.4,9,"s","y",13,"n","y",45,68,"y",""
"94","Hitra","Teistholmen 10","2","12.06.2022",NA,7,"s","y",35.5,"y","y",45.5,78,"n",""
"95","Arendal","Sven Johnsens","3","20.07.2022",16.6,14,"l","y",32,"y","y",45.5,79,"n","y"
"96","Arendal","Sven Johnsens","2","22.06.2022",14.6,1,"s","y",33,"y","y",45.5,77,"n",""
"97","Arendal","Sven Johnsens","2","22.06.2022",14.6,8,"l","y",45.5,"n","y",45.5,85,"y",""
"98","Arendal","Langrumpa","2","21.06.2022",14.5,26,"l","y",33,"n","y",45.5,72,"y",""
"99","Helligvaer","Gudmunholmen","2","12.06.2022",NA,23,"s","y",22,"y","y",45.5,68,"y",""
"100","Helligvaer","Litj-sorroy","3","04.07.2022",13.6,12,"l","y",85,"y","y",45.5,62,"y",""
"101","Helligvaer","Litj-sorroy","3","04.07.2022",13.6,25,"s","y",28,"n","y",45.5,69,"y",""
"102","Helligvaer","Store-kvannoya","3","07.07.2022",12.4,4,"l","y",27,"n","y",45.5,72,"",""
"103","Hitra","Feoya f4-5","2","10.06.2022",10.25,1,"s","y",35,"n","y",46,69,"n",""
"104","Hitra","Teistholmen 10","2","12.06.2022",NA,10,"l","y",49.5,"n","y",46,72,"n",""
"105","Hitra","Feoya f4-5","3","10.07.2022",12.8,3,"s","y",30,"n","y",46,93,"y",""
"106","Hitra","Feoya f4-5","3","10.07.2022",12.8,7,"s","y",22,"n","y",46,58,"n",""
"107","Arendal","Langrumpa","3","21.07.2022",17.7,16,"l","y",0.5,"n","y",46,82,"n",""
"108","Arendal","Sven Johnsens","2","22.06.2022",14.6,14,"l","y",65,"y","y",46,80,"y",""
"109","Arendal","St Helena","2","17.06.2022",NA,1,"s","y",30,"n","y",46,93,"y",""
"110","Kristineberg","Pittleholmen","3","12.07.2022",NA,8,"l","y",48,"n","y",46,78,"n",""
"111","Austevoll","Lamoya","3","22.07.2022",NA,18,"l","y",69,"y","y",46,75,"n",""
"112","Austevoll","Tipatiskaeret","3","24.07.2022",15.1,24,"l","y",26,"n","y",46,66,"y",""
"113","Austevoll","Krabbavika","2","19.06.2022",12.9,9,"s","y",24,"n","y",46,83,"n",""
"114","Helligvaer","Store-kvannoya","2","10.06.2022",NA,6,"l","y",46,"n","y",46,78,"n",""
"115","Helligvaer","Gudmunholmen","3","05.07.2022",NA,29,"s","y",32,"y","y",46,70,"y",""
"116","Hitra","Teistholmen 10","2","12.06.2022",NA,16,"l","y",86,"y","y",46.5,86,"n",""
"117","Arendal","Sven Johnsens","3","20.07.2022",16.6,20,"l","y",36,"y","y",46.5,89,"n",""
"118","Arendal","Sven Johnsens","2","22.06.2022",14.6,12,"l","y",84.5,"n","y",46.5,84,"n",""
"119","Arendal","Sven Johnsens","2","22.06.2022",14.6,7,"s","y",28,"y","y",46.5,87,"y",""
"120","Kristineberg","Pittleholmen","3","12.07.2022",NA,17,"s","y",23,"y","y",46.5,81,"y",""
"121","Kristineberg","Tjallsoholmen","3","11.07.2022",18.5,28,"l","n",0,"","y",46.5,77,"",""
"122","Kristineberg","Tjallsoholmen","2","05.06.2022",14.2,21,"s","y",30,"n","y",46.5,81,"n",""
"123","Hitra","Teistholmen 10","2","12.06.2022",NA,18,"l","y",96,"y","y",47,79,"n",""
"124","Hitra","Feoya f4-5","3","10.07.2022",12.8,1,"s","y",35,"y","y",47,85,"n",""
"125","Arendal","Sven Johnsens","3","20.07.2022",16.6,10,"l","y",66,"n","y",47,84,"y",""
"126","Arendal","Sven Johnsens","2","22.06.2022",14.6,19,"s","y",1,"y","y",47,86,"n","y"
"127","Austevoll","Krabbavika","3","21.07.2022",15.9,6,"l","y",71.5,"y","y",47,76,"y",""
"128","Austevoll","Tipatiskaeret","2","22.06.2022",13.4,22,"l","n",0,"","y",47,95,"",""
"129","Austevoll","Lamoya","2","20.0.2022",13.9,8,"l","y",0,"","y",47,75,"","y"
"130","Kristineberg","Blabergsholmen","3","15.07.2022",NA,5,"s","y",30,"n","y",47.5,85,"y",""
"131","Kristineberg","Tjallsoholmen","3","11.07.2022",18.5,20,"l","y",72,"n","y",47.5,95,"y",""
"132","Kristineberg","Pittleholmen","2","08.06.2022",NA,19,"s","y",28,"n","y",47.5,90,"y",""
"133","Kristineberg","Tjallsoholmen","2","05.06.2022",14.2,15,"s","y",30,"n","y",47.5,88,"n",""
"134","Austevoll","Krabbavika","3","21.07.2022",15.9,7,"s","y",30,"y","y",47.5,92,"y",""
"135","Helligvaer","Gudmunholmen","3","05.07.2022",NA,10,"l","y",47.5,"y","y",47.5,72,"y","y"
"136","Helligvaer","Store-kvannoya","3","07.07.2022",12.4,3,"s","n",0,"","y",47.5,76,"y",""
"137","Hitra","Feoya f4-5","2","10.06.2022",10.25,25,"","n",0,"","y",48,99,"",""
"138","Hitra","Teistholmen 10","2","12.06.2022",NA,5,"s","y",35,"y","y",48,82,"n",""
"139","Hitra","Teistholmen 10","2","12.06.2022",NA,15,"s","y",9,"y","y",48,103,"n",""
"140","Hitra","Teistholmen 10","3","07.07.2022",13,18,"l","y",66,"n","y",48,92,"n",""
"141","Arendal","Langrumpa","3","21.07.2022",17.7,12,"l","y",5,"y","y",48,76,"n","y"
"142","Arendal","Sven Johnsens","3","20.07.2022",16.6,19,"s","y",35,"y","y",48,99,"y",""
"143","Kristineberg","Pittleholmen","2","08.06.2022",NA,5,"s","y",11,"y","y",48,87,"y",""
"144","Austevoll","Lamoya","3","22.07.2022",NA,16,"l","y",57,"y","y",48,85,"n",""
"145","Austevoll","Krabbavika","3","21.07.2022",15.9,1,"s","y",25,"y","y",48,76,"n",""
"146","Austevoll","Tipatiskaeret","2","22.06.2022",13.4,16,"l","y",0,"","y",48,86,"","y"
"147","Austevoll","Krabbavika","2","19.06.2022",12.9,1,"s","y",8,"y","y",48,86,"n","y"
"148","Austevoll","Krabbavika","2","19.06.2022",12.9,24,"l","y",34,"n","y",48,95,"n",""
"149","Helligvaer","Store-kvannoya","2","10.06.2022",NA,7,"s","y",28,"n","y",48,83,"n",""
"150","Helligvaer","Litj-sorroy","3","04.07.2022",13.6,26,"l","y",87.5,"y","y",48,86,"y",""
"151","Hitra","Teistholmen 10","3","08.07.2022",13,10,"l","y",97.5,"y","y",48.5,94,"n",""
"152","Kristineberg","Pittleholmen","3","12.07.2022",NA,19,"s","y",7,"n","y",48.5,78,"n",""
"153","Kristineberg","Tjallsoholmen","3","11.07.2022",18.5,12,"l","y",54,"y","y",48.5,97,"y",""
"154","Helligvaer","Store-kvannoya","2","10.06.2022",NA,17,"s","y",29,"n","y",48.5,74,"y",""
"155","Arendal","Sven Johnsens","3","20.07.2022",16.6,8,"l","n",0,"","y",49,104,"",""
"156","Arendal","Sven Johnsens","2","22.06.2022",14.6,20,"l","y",91,"n","y",49,101,"n",""
"157","Arendal","Langrumpa","2","21.06.2022",14.5,16,"l","y",54,"n","y",49,99,"n",""
"158","Kristineberg","Pittleholmen","3","12.07.2022",NA,10,"l","y",44,"y","y",49,94,"y",""
"159","Kristineberg","Tjallsoholmen","3","11.07.2022",18.5,21,"s","y",11,"n","y",49,98,"y",""
"160","Kristineberg","Tjallsoholmen","3","11.07.2022",18.5,26,"l","y",60,"n","y",49,88,"y",""
"161","Kristineberg","Pittleholmen","2","08.06.2022",NA,15,"s","y",15,"n","y",49,106,"y",""
"162","Kristineberg","Pittleholmen","2","08.06.2022",NA,10,"l","n",0,"","y",49,100,"",""
"163","Austevoll","Tipatiskaeret","2","22.06.2022",13.4,20,"l","y",18.5,"n","y",49,100,"y",""
"164","Austevoll","Lamoya","2","20.0.2022",13.9,16,"l","y",36,"y","y",49,91,"n",""
"165","Helligvaer","Litj-sorroy","3","04.07.2022",13.6,15,"s","y",9,"y","y",49,89,"y","y"
"166","Helligvaer","Litj-sorroy","3","04.07.2022",13.6,21,"s","y",24,"n","y",49,90,"y",""
"167","Helligvaer","Litj-sorroy","3","04.07.2022",13.6,22,"l","y",74.5,"y","y",49,85,"y","y"
"168","Arendal","St Helena","3","19.07.2022",17.3,2,"l","y",78,"n","y",49.5,100,"y",""
"169","Arendal","St Helena","2","17.06.2022",NA,22,"l","y",91,"n","y",49.5,97,"y",""
"170","Kristineberg","Tjallsoholmen","2","05.06.2022",14.2,13,"s","y",30,"y","y",49.5,98,"n",""
"171","Helligvaer","Store-kvannoya","2","10.06.2022",NA,19,"s","y",30,"n","y",49.5,87,"n",""
"172","Hitra","Feoya f4-5","2","10.06.2022",10.25,21,"s","y",30,"n","y",50,83,"n",""
"173","Hitra","Teistholmen 10","2","12.06.2022",NA,9,"s","y",34.5,"n","y",50,104,"n",""
"174","Hitra","Teistholmen 10","2","12.06.2022",NA,20,"l","y",95,"y","y",50,90,"n",""
"175","Hitra","Feoya f4-5","3","10.07.2022",12.8,10,"l","y",85,"y","y",50,112,"y",""
"176","Kristineberg","Blabergsholmen","3","15.07.2022",NA,30,"l","y",36,"y","y",50,99,"n","y"
"177","Kristineberg","Pittleholmen","2","08.06.2022",NA,17,"s","y",1,"y","y",50,104,"n","y"
"178","Austevoll","Tipatiskaeret","3","24.07.2022",15.1,16,"l","y",48,"y","y",50,126,"y",""
"179","Austevoll","Krabbavika","2","19.06.2022",12.9,21,"s","y",30.5,"n","y",50,98,"n",""
"180","Helligvaer","Store-kvannoya","2","10.06.2022",NA,11,"s","y",32,"n","y",50,84,"y",""
"181","Kristineberg","Blabergsholmen","2","10.06.2022",14.5,25,"s","y",26,"n","y",50.5,104,"",""
"182","Kristineberg","Blabergsholmen","2","10.06.2022",14.5,7,"s","y",5,"n","y",50.5,105,"y",""
"183","Kristineberg","Blabergsholmen","2","10.06.2022",14.5,26,"l","y",44,"y","y",50.5,120,"y",""
"184","Kristineberg","Pittleholmen","2","08.06.2022",NA,6,"l","y",65,"y","y",50.5,102,"y",""
"185","Kristineberg","Tjallsoholmen","2","05.06.2022",14.2,19,"s","y",20,"n","y",50.5,92,"n",""
"186","Kristineberg","Tjallsoholmen","2","05.06.2022",14.2,16,"l","y",0,"","y",50.5,109,"","y"
"187","Hitra","Teistholmen 10","2","12.06.2022",NA,19,"s","y",30.5,"y","y",51,102,"n",""
"188","Hitra","Feoya f4-5","3","10.07.2022",12.8,6,"l","y",72,"y","y",51,97,"y",""
"189","Hitra","Feoya f4-5","3","10.07.2022",12.8,8,"l","y",89,"y","y",51,117,"n",""
"190","Hitra","Feoya f4-5","3","10.07.2022",12.8,22,"l","y",90,"y","y",51,110,"y",""
"191","Kristineberg","Blabergsholmen","3","15.07.2022",NA,29,"s","y",30,"n","y",51,97,"n",""
"192","Kristineberg","Pittleholmen","3","12.07.2022",NA,4,"l","y",2,"y","y",51,108,"n",""
"193","Kristineberg","Pittleholmen","3","12.07.2022",NA,20,"l","y",40,"y","y",51,109,"","y"
"194","Kristineberg","Tjallsoholmen","3","11.07.2022",18.5,29,"s","y",13,"n","y",51,117,"y",""
"195","Kristineberg","Tjallsoholmen","3","11.07.2022",18.5,22,"l","n",0,"","y",51,125,"",""
"196","Kristineberg","Blabergsholmen","2","10.06.2022",14.5,24,"l","n",0,"","y",51,101,"",""
"197","Kristineberg","Tjallsoholmen","2","05.06.2022",14.2,20,"l","y",35,"y","y",51,96,"n","y"
"198","Kristineberg","Tjallsoholmen","2","05.06.2022",14.2,27,"s","y",14,"y","y",51,113,"y",""
"199","Austevoll","Lamoya","3","22.07.2022",NA,14,"l","y",53,"y","y",51,97,"n",""
"200","Austevoll","Tipatiskaeret","3","24.07.2022",15.1,20,"l","y",10.5,"n","y",51,110,"y",""
"201","Austevoll","Krabbavika","3","21.07.2022",15.9,22,"l","y",62,"n","y",51,100,"y",""
"202","Austevoll","Tipatiskaeret","2","22.06.2022",13.4,12,"l","y",75.5,"n","y",51,125,"y",""
"203","Austevoll","Lamoya","2","20.0.2022",13.9,17,"s","y",29.5,"y","y",51,109,"y",""
"204","Austevoll","Lamoya","2","20.0.2022",13.9,19,"s","n",0,"","y",51,110,"","y"
"205","Helligvaer","Store-kvannoya","3","07.07.2022",12.4,15,"s","y",18,"n","y",51,92,"",""
"206","Ringstad","Finnoya","2","24.06.2022",10.3,15,"s","y",39,"y","y",51,97,"n",""
"207","Ringstad","Finnoya","3","18.07.2022",13.2,24,"l","y",12,"n","y",51,99,"y",""
"208","Kristineberg","Tjallsoholmen","2","05.06.2022",14.2,30,"l","y",50,"y","y",51.5,124,"","y"
"209","Arendal","Langrumpa","2","21.06.2022",14.5,12,"l","y",25,"y","y",52,121,"y",""
"210","Kristineberg","Pittleholmen","3","12.07.2022",NA,13,"s","y",1,"n","y",52,99,"n",""
"211","Kristineberg","Tjallsoholmen","3","11.07.2022",18.5,16,"l","y",66,"y","y",52,101,"y","y"
"212","Kristineberg","Blabergsholmen","2","10.06.2022",14.5,23,"s","y",12,"n","y",52,110,"",""
"213","Kristineberg","Blabergsholmen","2","10.06.2022",14.5,21,"s","y",26,"n","y",52,111,"n",""
"214","Kristineberg","Pittleholmen","2","08.06.2022",NA,4,"l","y",15,"y","y",52,108,"",""
"215","Kristineberg","Tjallsoholmen","2","05.06.2022",14.2,22,"l","n",0,"","y",52,119,"",""
"216","Kristineberg","Tjallsoholmen","2","05.06.2022",14.2,18,"l","y",40,"y","y",52,117,"y","y"
"217","Austevoll","Tipatiskaeret","2","22.06.2022",13.4,14,"l","y",48.5,"y","y",52,108,"n",""
"218","Austevoll","Tipatiskaeret","2","22.06.2022",13.4,26,"l","y",20,"y","y",52,125,"n","y"
"219","Ringstad","Finnoya","3","18.07.2022",13.2,29,"s","y",33,"n","y",52,93,"y",""
"220","Ringstad","Dragan Hammaran","2","22.06.2022",11.7,4,"l","n",0,"","n",52.5,97,"",""
"221","Hitra","Teistholmen 10","2","12.06.2022",NA,8,"l","y",80.5,"n","y",53,113,"n",""
"222","Hitra","Feoya f4-5","3","10.07.2022",12.8,28,"l","y",84,"y","y",53,117,"n",""
"223","Kristineberg","Blabergsholmen","3","15.07.2022",NA,23,"s","y",30,"n","y",53,113,"n",""
"224","Kristineberg","Tjallsoholmen","3","11.07.2022",18.5,14,"l","y",60,"y","y",53,130,"y",""
"225","Kristineberg","Pittleholmen","2","08.06.2022",NA,16,"l","n",0,"","y",53,131,"",""
"226","Kristineberg","Tjallsoholmen","2","05.06.2022",14.2,12,"l","y",65,"n","y",53,122,"n",""
"227","Austevoll","Lamoya","2","20.0.2022",13.9,20,"l","y",55.5,"n","y",53,130,"y",""
"228","Austevoll","Krabbavika","2","19.06.2022",12.9,30,"l","n",0,"","y",53,119,"",""
"229","Helligvaer","Store-kvannoya","2","10.06.2022",NA,13,"s","y",15,"n","y",53,114,"n",""
"230","Ringstad","Finnoya","2","26.06.2022",12.5,29,"s","y",56,"y","y",53,103,"","y"
"231","Ringstad","Finnoya","2","24.06.2022",10.3,19,"s","y",33,"y","y",53,97,"y",""
"232","Kristineberg","Tjallsoholmen","2","05.06.2022",14.2,23,"s","y",30,"y","y",53.5,115,"","y"
"233","Austevoll","Lamoya","2","20.0.2022",13.9,11,"s","y",31.5,"n","y",53.5,112,"y","y"
"234","Ringstad","Dragan Hammaran","2","22.06.2022",11.7,10,"l","y",58,"n","y",53.5,117,"y",""
"235","Hitra","Steinrenningen s-8","3","11.07.2022",14.1,5,"s","y",39,"y","y",54,126,"y",""
"236","Kristineberg","Pittleholmen","3","12.07.2022",NA,14,"l","y",54,"n","y",54,115,"n",""
"237","Kristineberg","Blabergsholmen","2","10.06.2022",14.5,5,"s","y",30,"y","y",54,114,"",""
"238","Kristineberg","Blabergsholmen","2","10.06.2022",14.5,6,"l","y",26,"y","y",54,146,"n",""
"239","Kristineberg","Blabergsholmen","2","10.06.2022",14.5,29,"s","y",30,"n","y",54,128,"n",""
"240","Austevoll","Tipatiskaeret","2","22.06.2022",13.4,30,"l","y",84,"n","y",54,130,"y",""
"241","Ringstad","Finnoya","2","26.06.2022",12.5,28,"l","y",82,"y","y",54,100,"n","y"
"242","Ringstad","Dragan Hammaran","3","16.07.2022",12.9,2,"l","y",80,"y","y",54,128,"y","y"
"243","Kristineberg","Blabergsholmen","2","10.06.2022",14.5,3,"s","y",30,"n","y",54.5,134,"y",""
"244","Kristineberg","Pittleholmen","2","08.06.2022",NA,14,"l","y",45.5,"n","y",54.5,130,"y",""
"245","Helligvaer","Gudmunholmen","2","12.06.2022",NA,1,"s","y",26,"y","y",54.5,126,"y",""
"246","Ringstad","Dragan Hammaran","2","22.06.2022",11.7,11,"s","y",23,"n","y",54.5,109,"y",""
"247","Ringstad","Finnoya","2","24.06.2022",10.3,16,"l","y",84,"n","y",54.5,124,"y",""
"248","Ringstad","Hongvaeret","2","27.06.2022",11.7,18,"l","y",10,"y","y",54.5,116,"y","y"
"249","Kristineberg","Blabergsholmen","2","10.06.2022",14.5,22,"l","y",84.5,"n","y",55,148,"y",""
"250","Kristineberg","Pittleholmen","2","08.06.2022",NA,18,"l","y",52,"n","y",55,137,"n",""
"251","Kristineberg","Tjallsoholmen","2","05.06.2022",14.2,24,"l","y",20,"y","y",55,136,"","y"
"252","Ringstad","Dragan Hammaran","3","16.07.2022",12.9,3,"s","y",23,"y","y",55,116,"y","y"
"253","Ringstad","Finnoya","3","18.07.2022",13.2,23,"s","y",1,"n","y",55,116,"n","y"
"254","Kristineberg","Blabergsholmen","2","10.06.2022",14.5,8,"l","y",3,"y","y",55.5,139,"",""
"255","Kristineberg","Blabergsholmen","2","10.06.2022",14.5,27,"s","y",23,"y","y",55.5,140,"",""
"256","Kristineberg","Pittleholmen","2","08.06.2022",NA,1,"s","y",23,"y","y",55.5,124,"n",""
"257","Austevoll","Tipatiskaeret","2","22.06.2022",13.4,28,"l","y",2,"y","y",55.5,142,"n",""
"258","Ringstad","Finnoya","2","24.06.2022",10.3,11,"s","y",28,"y","y",55.5,127,"y",""
"259","Ringstad","Finnoya","3","18.07.2022",13.2,16,"l","y",85,"y","y",55.5,125,"n",""
"260","Hitra","Feoya f4-5","2","10.06.2022",10.25,26,"l","y",77.5,"n","y",56,133,"n",""
"261","Hitra","Feoya f4-5","3","10.07.2022",12.8,29,"s","y",35,"n","y",56,145,"n",""
"262","Kristineberg","Tjallsoholmen","3","11.07.2022",18.5,30,"l","y",6,"y","y",56,142,"","y"
"263","Ringstad","Dragan Hammaran","2","22.06.2022",11.7,3,"s","y",25,"y","y",56,122,"y",""
"264","Ringstad","Finnoya","2","26.06.2022",12.5,25,"s","n",0,"","y",56,124,"",""
"265","Ringstad","Finnoya","3","18.07.2022",13.2,15,"s","y",28.5,"n","y",56,121,"n",""
"266","Kristineberg","Blabergsholmen","2","10.06.2022",14.5,1,"s","y",28,"n","y",56.5,147,"",""
"267","Kristineberg","Blabergsholmen","2","10.06.2022",14.5,28,"l","y",65,"n","y",56.5,163,"",""
"268","Kristineberg","Pittleholmen","2","08.06.2022",NA,12,"l","y",65,"n","y",56.5,157,"n",""
"269","Kristineberg","Pittleholmen","2","08.06.2022",NA,20,"l","y",65,"y","y",56.5,154,"y",""
"270","Kristineberg","Tjallsoholmen","2","05.06.2022",14.2,26,"l","y",97.5,"y","y",56.5,156,"y",""
"271","Helligvaer","Gudmunholmen","2","12.06.2022",NA,24,"l","y",88,"n","y",56.5,127,"n",""
"272","Ringstad","Hongvaeret","2","27.06.2022",11.7,4,"l","y",35,"n","y",56.5,122,"y",""
"273","Hitra","Teistholmen 10","3","07.07.2022",13,14,"l","y",44,"y","y",57,147,"n",""
"274","Hitra","Teistholmen 10","3","07.07.2022",13,20,"l","n",0,"","y",57,139,"n",""
"275","Hitra","Teistholmen 10","3","07.07.2022",13,7,"s","y",10,"n","y",57,162,"n",""
"276","Kristineberg","Blabergsholmen","2","10.06.2022",14.5,4,"l","y",78,"n","y",57,152,"y",""
"277","Kristineberg","Blabergsholmen","2","10.06.2022",14.5,2,"l","y",65,"y","y",57,156,"y",""
"278","Kristineberg","Pittleholmen","2","08.06.2022",NA,2,"l","y",3,"n","y",57,170,"n",""
"279","Kristineberg","Pittleholmen","2","08.06.2022",NA,8,"l","y",43,"n","y",57,160,"y",""
"280","Austevoll","Lamoya","2","20.0.2022",13.9,12,"l","y",NA,"","y",57,114,"",""
"281","Ringstad","Finnoya","2","24.06.2022",10.3,17,"s","y",29.5,"n","y",57.5,124,"y",""
"282","Ringstad","Finnoya","2","24.06.2022",10.3,18,"l","y",90,"y","y",57.5,144,"y",""
"283","Kristineberg","Blabergsholmen","2","10.06.2022",14.5,30,"l","y",78,"y","y",58,157,"",""
"284","Kristineberg","Tjallsoholmen","2","05.06.2022",14.2,14,"l","y",45,"y","y",58,153,"","y"
"285","Helligvaer","Litj-sorroy","2","13.06.2022",10,29,"s","y",37,"n","y",58,134,"y",""
"286","Helligvaer","Litj-sorroy","2","13.06.2022",10,12,"l","y",74,"y","y",58,149,"y",""
"287","Ringstad","Finnoya","2","24.06.2022",10.3,12,"l","y",75,"y","y",58,136,"y",""
"288","Ringstad","Hongvaeret","2","27.06.2022",11.7,7,"s","y",24,"y","y",58,139,"y",""
"289","Ringstad","Dragan Hammaran","3","16.07.2022",12.9,4,"l","y",1,"y","y",58,131,"y",""
"290","Ringstad","Finnoya","3","18.07.2022",13.2,21,"s","y",25,"y","y",58,138,"n",""
"291","Ringstad","Finnoya","3","18.07.2022",13.2,18,"l","y",33,"y","y",58,125,"y",""
"292","Ringstad","Hongvaeret","3","20.07.2022",14,1,"s","y",18.5,"n","y",58,149,"n",""
"293","Ringstad","Dragan Hammaran","3","16.07.2022",12.9,10,"l","y",78.5,"y","y",58.5,154,"y",""
"294","Ringstad","Hongvaeret","3","20.07.2022",14,7,"s","y",25.5,"y","y",58.5,143,"n","y"
"295","Kristineberg","Pittleholmen","3","12.07.2022",NA,16,"l","n",0,"","y",59,145,"",""
"296","Ringstad","Hongvaeret","2","27.06.2022",11.7,19,"s","y",8,"y","y",59,136,"y",""
"297","Ringstad","Finnoya","3","18.07.2022",13.2,22,"l","y",1,"n","y",59,147,"n",""
"298","Ringstad","Finnoya","2","24.06.2022",10.3,13,"s","y",27,"y","y",59.5,140,"y",""
"299","Ringstad","Finnoya","3","18.07.2022",13.2,20,"l","y",1,"n","y",59.5,168,"y",""
"300","Helligvaer","Litj-sorroy","2","13.06.2022",10,11,"s","y",30,"n","y",60,155,"y",""
"301","Ringstad","Finnoya","2","26.06.2022",12.5,26,"l","y",80,"y","y",60,154,"y",""
"302","Helligvaer","Litj-sorroy","3","04.07.2022",13.6,17,"s","y",15,"n","y",60.5,165,"y",""
"303","Helligvaer","Litj-sorroy","2","13.06.2022",10,30,"l","y",83,"y","y",61,169,"y",""
"304","Helligvaer","Litj-sorroy","2","13.06.2022",10,14,"l","y",29.5,"n","y",61,167,"y",""
"305","Helligvaer","Gudmunholmen","3","05.07.2022",NA,30,"l","y",78,"y","y",61,157,"y","y"
"306","Helligvaer","Gudmunholmen","2","12.06.2022",NA,4,"l","y",77,"y","y",61.5,154,"y",""
"307","Ringstad","Dragan Hammaran","2","22.06.2022",11.7,20,"l","y",84,"y","y",61.5,188,"y",""
"308","Helligvaer","Litj-sorroy","2","13.06.2022",10,18,"l","y",93,"n","y",62,163,"n",""
"309","Helligvaer","Litj-sorroy","3","04.07.2022",13.6,14,"l","y",74,"y","y",62,176,"n","y"
"310","Ringstad","Finnoya","2","24.06.2022",10.3,20,"l","y",91,"y","y",62,157,"y",""
"311","Helligvaer","Store-kvannoya","2","10.06.2022",NA,18,"l","y",96,"y","y",62.5,166,"y",""
"312","Helligvaer","Store-kvannoya","2","10.06.2022",NA,20,"l","y",35,"n","y",62.5,180,"y",""
"313","Helligvaer","Store-kvannoya","2","10.06.2022",NA,10,"l","y",98,"n","y",62.5,169,"y",""
"314","Helligvaer","Gudmunholmen","2","12.06.2022",NA,10,"l","y",86,"n","y",62.5,179,"y",""
"315","Austevoll","Lamoya","2","20.0.2022",13.9,4,"l","y",76,"y","y",63,218,"n",""
"316","Helligvaer","Store-kvannoya","2","10.06.2022",NA,8,"l","y",90,"y","y",63,192,"y",""
"317","Ringstad","Hongvaeret","2","27.06.2022",11.7,8,"l","y",76,"n","y",63,170,"y",""
"318","Ringstad","Finnoya","2","24.06.2022",10.3,14,"l","n",0,"","y",64,183,"y",""
"319","Helligvaer","Store-kvannoya","2","10.06.2022",NA,12,"l","y",74,"y","y",67.5,197,"y",""
"320","Helligvaer","Store-kvannoya","3","07.07.2022",12.4,20,"l","y",79,"y","y",67.5,191,"y",""
"321","Helligvaer","Gudmunholmen","2","12.06.2022",NA,3,"s","y",30,"y","n",NA,NA,"y",""
"322","Hitra","Teistholmen 10","2","12.06.2022",NA,1,"s","y",30,"n","y",NA,NA,"",""
"323","Hitra","Teistholmen 10","2","12.06.2022",NA,3,"s","n",0,"","n",NA,NA,"",""
"324","Hitra","Teistholmen 10","2","12.06.2022",NA,4,"l","n",0,"","n",NA,NA,"",""
"325","Hitra","Teistholmen 10","2","12.06.2022",NA,2,"l","n",0,"","n",NA,NA,"",""
"326","Hitra","Teistholmen 10","2","12.06.2022",NA,14,"l","y",96.5,"y","y",NA,NA,"n",""
"327","Hitra","Steinrenningen s-8","3","11.07.2022",14.1,1,"s","n",0,"","n",NA,NA,"",""
"328","Hitra","Steinrenningen s-8","3","11.07.2022",14.1,2,"l","n",0,"","n",NA,NA,"y","y"
"329","Hitra","Steinrenningen s-8","3","11.07.2022",14.1,3,"s","y",9,"n","n",NA,NA,"y",""
"330","Hitra","Steinrenningen s-8","3","11.07.2022",14.1,4,"l","y",48,"y","n",NA,NA,"y",""
"331","Hitra","Steinrenningen s-8","3","11.07.2022",14.1,6,"l","y",20,"y","n",NA,NA,"y",""
"332","Hitra","Steinrenningen s-8","3","11.07.2022",14.1,7,"s","n",0,"","n",NA,NA,"",""
"333","Hitra","Steinrenningen s-8","3","11.07.2022",14.1,8,"l","n",0,"","n",NA,NA,"",""
"334","Hitra","Steinrenningen s-8","3","11.07.2022",14.1,9,"s","y",2,"n","n",NA,NA,"y",""
"335","Hitra","Steinrenningen s-8","3","11.07.2022",14.1,10,"l","y",90,"y","n",NA,NA,"n","y"
"336","Hitra","Steinrenningen s-8","3","11.07.2022",14.1,21,"s","y",28,"y","n",NA,NA,"n",""
"337","Hitra","Steinrenningen s-8","3","11.07.2022",14.1,22,"l","y",27,"y","n",NA,NA,"y",""
"338","Hitra","Steinrenningen s-8","3","11.07.2022",14.1,23,"s","y",28,"y","n",NA,NA,"n",""
"339","Hitra","Steinrenningen s-8","3","11.07.2022",14.1,24,"l","y",72,"y","n",NA,NA,"n",""
"340","Hitra","Steinrenningen s-8","3","11.07.2022",14.1,25,"s","y",4,"y","n",NA,NA,"n",""
"341","Hitra","Steinrenningen s-8","3","11.07.2022",14.1,26,"l","y",4,"y","n",NA,NA,"n",""
"342","Hitra","Steinrenningen s-8","3","11.07.2022",14.1,27,"s","y",16,"y","n",NA,NA,"n",""
"343","Hitra","Steinrenningen s-8","3","11.07.2022",14.1,28,"l","n",0,"","n",NA,NA,"",""
"344","Hitra","Steinrenningen s-8","3","11.07.2022",14.1,29,"s","y",12,"y","n",NA,NA,"n",""
"345","Hitra","Steinrenningen s-8","3","11.07.2022",14.1,30,"l","y",84,"y","n",NA,NA,"y",""
"346","Hitra","Feoya f4-5","3","10.07.2022",12.8,5,"s","n",0,"","n",NA,NA,"",""
"347","Hitra","Feoya f4-5","3","10.07.2022",12.8,23,"s","n",0,"","n",NA,NA,"",""
"348","Hitra","Feoya f4-5","3","10.07.2022",12.8,24,"l","n",0,"","n",NA,NA,"",""
"349","Hitra","Feoya f4-5","3","10.07.2022",12.8,25,"s","n",0,"","n",NA,NA,"",""
"350","Hitra","Feoya f4-5","3","10.07.2022",12.8,26,"l","n",0,"","n",NA,NA,"",""
"351","Hitra","Feoya f4-5","3","10.07.2022",12.8,27,"s","n",0,"","n",NA,NA,"",""
"352","Hitra","Feoya f4-5","3","10.07.2022",12.8,30,"l","n",0,"","n",NA,NA,"",""
"353","Hitra","Teistholmen 10","3","07.07.2022",13,1,"s","y",21,"n","n",NA,NA,"n",""
"354","Hitra","Teistholmen 10","3","07.07.2022",13,2,"l","n",0,"","n",NA,NA,"n",""
"355","Hitra","Teistholmen 10","3","07.07.2022",13,3,"s","n",0,"","n",NA,NA,"n",""
"356","Hitra","Teistholmen 10","3","07.07.2022",13,4,"l","n",0,"","n",NA,NA,"n",""
"357","Hitra","Teistholmen 10","3","07.07.2022",13,5,"s","n",0,"","n",NA,NA,"n",""
"358","Arendal","Langrumpa","3","21.07.2022",17.7,28,"l","n",0,"n","n",NA,NA,"n",""
"359","Arendal","Langrumpa","3","21.07.2022",17.7,20,"l","y",5,"y","n",NA,NA,"n",""
"360","Arendal","Langrumpa","3","21.07.2022",17.7,30,"l","n",0,"","n",NA,NA,"n",""
"361","Arendal","Langrumpa","3","21.07.2022",17.7,22,"l","y",0.5,"y","n",NA,NA,"n",""
"362","Arendal","Langrumpa","3","21.07.2022",17.7,11,"s","y",15,"n","n",NA,NA,"n",""
"363","Arendal","Langrumpa","3","21.07.2022",17.7,25,"s","y",16,"y","n",NA,NA,"n",""
"364","Arendal","Langrumpa","3","21.07.2022",17.7,29,"s","y",1,"y","n",NA,NA,"n",""
"365","Arendal","Langrumpa","3","21.07.2022",17.7,27,"s","n",0,"","n",NA,NA,"n",""
"366","Arendal","Langrumpa","3","21.07.2022",17.7,23,"s","n",0,"","n",NA,NA,"n",""
"367","Arendal","Langrumpa","3","21.07.2022",17.7,13,"s","y",2,"y","n",NA,NA,"n",""
"368","Arendal","Langrumpa","3","21.07.2022",17.7,17,"s","y",3,"n","n",NA,NA,"n",""
"369","Arendal","Sven Johnsens","3","20.07.2022",16.6,6,"l","y",6,"n","n",NA,NA,"n",""
"370","Arendal","Sven Johnsens","3","20.07.2022",16.6,2,"l","y",3,"y","n",NA,NA,"n",""
"371","Arendal","Sven Johnsens","3","20.07.2022",16.6,16,"l","y",1,"n","n",NA,NA,"n",""
"372","Arendal","Sven Johnsens","3","20.07.2022",16.6,18,"l","y",9,"y","n",NA,NA,"n",""
"373","Arendal","Sven Johnsens","3","20.07.2022",16.6,15,"s","y",12,"n","n",NA,NA,"n",""
"374","Arendal","Sven Johnsens","3","20.07.2022",16.6,3,"s","y",0.5,"y","n",NA,NA,"n",""
"375","Arendal","Sven Johnsens","3","20.07.2022",16.6,13,"s","y",14,"n","n",NA,NA,"n",""
"376","Arendal","Sven Johnsens","3","20.07.2022",16.6,7,"s","y",1,"n","n",NA,NA,"n",""
"377","Arendal","Sven Johnsens","3","20.07.2022",16.6,9,"s","y",1,"n","n",NA,NA,"n",""
"378","Arendal","Sven Johnsens","3","20.07.2022",16.6,17,"s","y",5,"n","n",NA,NA,"n",""
"379","Arendal","St Helena","3","19.07.2022",17.3,3,"s","y",12,"y","n",NA,NA,"y",""
"380","Arendal","St Helena","3","19.07.2022",17.3,6,"l","y",6,"y","n",NA,NA,"n",""
"381","Arendal","St Helena","3","19.07.2022",17.3,7,"s","y",3,"n","n",NA,NA,"n",""
"382","Arendal","St Helena","3","19.07.2022",17.3,22,"l","y",0.25,"y","n",NA,NA,"n",""
"383","Arendal","St Helena","3","19.07.2022",17.3,24,"l","y",6,"n","n",NA,NA,"n",""
"384","Arendal","St Helena","3","19.07.2022",17.3,28,"l","y",2,"y","n",NA,NA,"n",""
"385","Arendal","St Helena","3","19.07.2022",17.3,29,"s","y",1,"y","n",NA,NA,"n",""
"386","Arendal","Sven Johnsens","2","22.06.2022",14.6,18,"l","y",55,"n","n",NA,NA,"y",""
"387","Arendal","Sven Johnsens","2","22.06.2022",14.6,3,"s","y",13,"n","n",NA,NA,"y",""
"388","Arendal","Sven Johnsens","2","22.06.2022",14.6,16,"l","y",5,"n","n",NA,NA,"n",""
"389","Arendal","Sven Johnsens","2","22.06.2022",14.6,10,"l","y",40,"n","n",NA,NA,"y",""
"390","Arendal","Sven Johnsens","2","22.06.2022",14.6,4,"l","y",70,"n","n",NA,NA,"y",""
"391","Arendal","Sven Johnsens","2","22.06.2022",14.6,11,"s","y",4,"n","n",NA,NA,"n",""
"392","Arendal","Sven Johnsens","2","22.06.2022",14.6,17,"s","y",13,"n","n",NA,NA,"n",""
"393","Arendal","Sven Johnsens","2","22.06.2022",14.6,9,"s","y",5,"n","n",NA,NA,"n",""
"394","Arendal","Sven Johnsens","2","22.06.2022",14.6,15,"s","y",18,"n","n",NA,NA,"y",""
"395","Arendal","Sven Johnsens","2","22.06.2022",14.6,5,"s","y",6,"n","n",NA,NA,"y",""
"396","Arendal","Sven Johnsens","2","22.06.2022",14.6,2,"l","y",48,"y","n",NA,NA,"y",""
"397","Arendal","Langrumpa","2","21.06.2022",14.5,24,"l","n",0,"","n",NA,NA,"",""
"398","Arendal","Langrumpa","2","21.06.2022",14.5,14,"l","y",39,"n","n",NA,NA,"y",""
"399","Arendal","Langrumpa","2","21.06.2022",14.5,30,"l","y",16,"n","n",NA,NA,"y",""
"400","Arendal","Langrumpa","2","21.06.2022",14.5,19,"s","y",18,"n","n",NA,NA,"y",""
"401","Arendal","Langrumpa","2","21.06.2022",14.5,21,"s","y",6,"y","n",NA,NA,"y",""
"402","Arendal","Langrumpa","2","21.06.2022",14.5,23,"s","y",12,"n","n",NA,NA,"y",""
"403","Arendal","Langrumpa","2","21.06.2022",14.5,11,"s","y",3,"y","n",NA,NA,"y",""
"404","Arendal","Langrumpa","2","21.06.2022",14.5,25,"s","n",0,"","n",NA,NA,"",""
"405","Arendal","Langrumpa","2","21.06.2022",14.5,27,"s","y",20,"n","n",NA,NA,"y",""
"406","Arendal","Langrumpa","2","21.06.2022",14.5,29,"s","y",5,"n","n",NA,NA,"y",""
"407","Arendal","Langrumpa","2","21.06.2022",14.5,15,"","",NA,"","",NA,NA,"",""
"408","Arendal","Langrumpa","2","21.06.2022",14.5,20,"l","y",36,"n","n",NA,NA,"",""
"409","Arendal","Langrumpa","2","21.06.2022",14.5,18,"l","y",20,"n","n",NA,NA,"",""
"410","Arendal","Langrumpa","2","21.06.2022",14.5,28,"l","y",17,"n","n",NA,NA,"",""
"411","Arendal","St Helena","2","17.06.2022",NA,10,"l","n",0,"","n",NA,NA,"",""
"412","Arendal","St Helena","2","17.06.2022",NA,4,"l","y",2,"n","n",NA,NA,"",""
"413","Arendal","St Helena","2","17.06.2022",NA,9,"s","y",3,"y","n",NA,NA,"",""
"414","Arendal","St Helena","2","17.06.2022",NA,24,"l","y",15,"n","n",NA,NA,"",""
"415","Arendal","St Helena","2","17.06.2022",NA,8,"l","y",5,"n","n",NA,NA,"",""
"416","Arendal","St Helena","2","17.06.2022",NA,3,"s","y",0.25,"n","n",NA,NA,"",""
"417","Arendal","St Helena","2","17.06.2022",NA,21,"s","n",0,"n","n",NA,NA,"",""
"418","Arendal","St Helena","2","17.06.2022",NA,7,"s","y",16,"n","n",NA,NA,"y",""
"419","Arendal","St Helena","2","17.06.2022",NA,23,"s","n",0,"","n",NA,NA,"",""
"420","Arendal","St Helena","2","17.06.2022",NA,5,"s","n",0,"","n",NA,NA,"",""
"421","Arendal","St Helena","2","17.06.2022",NA,6,"l","n",0,"","n",NA,NA,"",""
"422","Kristineberg","Blabergsholmen","3","15.07.2022",NA,22,"l","y",30,"y","n",NA,NA,"",""
"423","Kristineberg","Blabergsholmen","3","15.07.2022",NA,28,"l","y",18,"n","n",NA,NA,"y",""
"424","Kristineberg","Blabergsholmen","3","15.07.2022",NA,26,"l","y",8,"y","n",NA,NA,"n","y"
"425","Kristineberg","Blabergsholmen","3","15.07.2022",NA,2,"l","y",12,"n","n",NA,NA,"n",""
"426","Kristineberg","Blabergsholmen","3","15.07.2022",NA,25,"s","y",15,"y","n",NA,NA,"y",""
"427","Kristineberg","Blabergsholmen","3","15.07.2022",NA,3,"s","y",30,"n","n",NA,NA,"y",""
"428","Kristineberg","Blabergsholmen","3","15.07.2022",NA,1,"s","y",0.5,"y","n",NA,NA,"n","y"
"429","Kristineberg","Blabergsholmen","3","15.07.2022",NA,7,"s","n",0,"","n",NA,NA,"",""
"430","Kristineberg","Blabergsholmen","3","15.07.2022",NA,21,"s","y",0.5,"n","n",NA,NA,"n",""
"431","Kristineberg","Blabergsholmen","3","15.07.2022",NA,9,"s","n",0,"","n",NA,NA,"",""
"432","Kristineberg","Blabergsholmen","3","15.07.2022",NA,8,"l","y",1,"y","n",NA,NA,"n","y"
"433","Kristineberg","Blabergsholmen","3","15.07.2022",NA,10,"l","y",0.5,"n","n",NA,NA,"n",""
"434","Kristineberg","Blabergsholmen","3","15.07.2022",NA,24,"l","n",0,"","n",NA,NA,"",""
"435","Kristineberg","Blabergsholmen","3","15.07.2022",NA,4,"l","y",0.5,"n","n",NA,NA,"n",""
"436","Kristineberg","Blabergsholmen","3","15.07.2022",NA,6,"l","y",0.5,"n","n",NA,NA,"n",""
"437","Kristineberg","Pittleholmen","3","12.07.2022",NA,18,"l","y",60,"y","y",NA,NA,"y",""
"438","Kristineberg","Pittleholmen","3","12.07.2022",NA,12,"l","y",9,"y","n",NA,NA,"n",""
"439","Kristineberg","Pittleholmen","3","12.07.2022",NA,2,"l","y",4,"y","n",NA,NA,"n",""
"440","Kristineberg","Pittleholmen","3","12.07.2022",NA,6,"l","n",0,"","n",NA,NA,"",""
"441","Kristineberg","Pittleholmen","3","12.07.2022",NA,11,"s","y",1,"y","n",NA,NA,"n",""
"442","Kristineberg","Pittleholmen","3","12.07.2022",NA,15,"s","y",25,"y","n",NA,NA,"n",""
"443","Kristineberg","Pittleholmen","3","12.07.2022",NA,7,"s","y",4,"y","n",NA,NA,"n",""
"444","Kristineberg","Pittleholmen","3","12.07.2022",NA,9,"s","y",6,"y","n",NA,NA,"n",""
"445","Kristineberg","Pittleholmen","3","12.07.2022",NA,1,"s","y",8,"y","n",NA,NA,"n",""
"446","Kristineberg","Pittleholmen","3","12.07.2022",NA,3,"s","n",0,"","n",NA,NA,"",""
"447","Kristineberg","Pittleholmen","3","12.07.2022",NA,5,"s","y",4,"y","n",NA,NA,"n",""
"448","Kristineberg","Tjallsoholmen","3","11.07.2022",18.5,24,"l","n",0,"","n",NA,NA,"",""
"449","Kristineberg","Tjallsoholmen","3","11.07.2022",18.5,13,"s","n",0,"","n",NA,NA,"",""
"450","Kristineberg","Tjallsoholmen","3","11.07.2022",18.5,19,"s","n",0,"","",NA,NA,"",""
"451","Kristineberg","Tjallsoholmen","3","11.07.2022",18.5,15,"s","y",27.5,"n","n",NA,NA,"n",""
"452","Kristineberg","Tjallsoholmen","3","11.07.2022",18.5,17,"s","n",0,"","n",NA,NA,"",""
"453","Kristineberg","Tjallsoholmen","3","11.07.2022",18.5,27,"s","y",17,"y","n",NA,NA,"n",""
"454","Kristineberg","Tjallsoholmen","3","11.07.2022",18.5,23,"s","n",0,"","n",NA,NA,"",""
"455","Kristineberg","Tjallsoholmen","3","11.07.2022",18.5,11,"","",NA,"","",NA,NA,"",""
"456","Kristineberg","Tjallsoholmen","3","11.07.2022",18.5,18,"","",NA,"","",NA,NA,"",""
"457","Kristineberg","Blabergsholmen","2","10.06.2022",14.5,10,"l","y",58.5,"n","y",NA,NA,"",""
"458","Kristineberg","Blabergsholmen","2","10.06.2022",14.5,9,"s","y",27,"n","y",NA,NA,"",""
"459","Kristineberg","Pittleholmen","2","08.06.2022",NA,7,"s","y",11,"y","n",NA,NA,"y",""
"460","Kristineberg","Pittleholmen","2","08.06.2022",NA,3,"s","n",0,"","n",NA,NA,"",""
"461","Kristineberg","Pittleholmen","2","08.06.2022",NA,9,"s","n",0,"","n",NA,NA,"",""
"462","Kristineberg","Pittleholmen","2","08.06.2022",NA,11,"s","y",12,"n","n",NA,NA,"n",""
"463","Kristineberg","Pittleholmen","2","08.06.2022",NA,13,"s","n",0,"","n",NA,NA,"",""
"464","Kristineberg","Tjallsoholmen","2","05.06.2022",14.2,11,"s","y",30,"n","n",NA,NA,"n",""
"465","Kristineberg","Tjallsoholmen","2","05.06.2022",14.2,28,"l","n",0,"","n",NA,NA,"",""
"466","Kristineberg","Tjallsoholmen","2","05.06.2022",14.2,25,"s","n",0,"","n",NA,NA,"",""
"467","Kristineberg","Tjallsoholmen","2","05.06.2022",14.2,29,"","n",NA,"","n",NA,NA,"",""
"468","Austevoll","Lamoya","3","22.07.2022",NA,1,"s","n",0,"","n",NA,NA,"",""
"469","Austevoll","Lamoya","3","22.07.2022",NA,2,"l","n",0,"","n",NA,NA,"",""
"470","Austevoll","Lamoya","3","22.07.2022",NA,3,"s","n",0,"","n",NA,NA,"",""
"471","Austevoll","Lamoya","3","22.07.2022",NA,4,"l","n",0,"","n",NA,NA,"",""
"472","Austevoll","Lamoya","3","22.07.2022",NA,5,"s","n",0,"","n",NA,NA,"",""
"473","Austevoll","Lamoya","3","22.07.2022",NA,6,"l","n",0,"","n",NA,NA,"",""
"474","Austevoll","Lamoya","3","22.07.2022",NA,7,"s","n",0,"","n",NA,NA,"",""
"475","Austevoll","Lamoya","3","22.07.2022",NA,8,"l","n",0,"","n",NA,NA,"",""
"476","Austevoll","Lamoya","3","22.07.2022",NA,9,"s","n",0,"","n",NA,NA,"",""
"477","Austevoll","Lamoya","3","22.07.2022",NA,10,"l","n",0,"","n",NA,NA,"",""
"478","Austevoll","Lamoya","3","22.07.2022",NA,12,"l","y",10,"n","n",NA,NA,"n",""
"479","Austevoll","Lamoya","3","22.07.2022",NA,13,"s","n",0,"n","n",NA,NA,"",""
"480","Austevoll","Lamoya","3","22.07.2022",NA,15,"s","n",0,"n","n",NA,NA,"",""
"481","Austevoll","Lamoya","3","22.07.2022",NA,19,"s","n",0,"n","n",NA,NA,"",""
"482","Austevoll","Lamoya","3","22.07.2022",NA,20,"l","y",36,"y","n",NA,NA,"n",""
"483","Austevoll","Tipatiskaeret","3","24.07.2022",15.1,11,"s","n",0,"","n",NA,NA,"",""
"484","Austevoll","Tipatiskaeret","3","24.07.2022",15.1,14,"l","y",36,"y","n",NA,NA,"n",""
"485","Austevoll","Tipatiskaeret","3","24.07.2022",15.1,17,"s","n",0,"","n",NA,NA,"",""
"486","Austevoll","Tipatiskaeret","3","24.07.2022",15.1,18,"l","n",0,"","n",NA,NA,"",""
"487","Austevoll","Tipatiskaeret","3","24.07.2022",15.1,19,"s","y",14,"y","n",NA,NA,"y",""
"488","Austevoll","Tipatiskaeret","3","24.07.2022",15.1,22,"l","n",0,"","n",NA,NA,"",""
"489","Austevoll","Tipatiskaeret","3","24.07.2022",15.1,23,"s","n",0,"","n",NA,NA,"",""
"490","Austevoll","Tipatiskaeret","3","24.07.2022",15.1,25,"s","n",0,"","n",NA,NA,"",""
"491","Austevoll","Tipatiskaeret","3","24.07.2022",15.1,26,"l","n",0,"","n",NA,NA,"",""
"492","Austevoll","Tipatiskaeret","3","24.07.2022",15.1,27,"s","n",0,"","n",NA,NA,"",""
"493","Austevoll","Tipatiskaeret","3","24.07.2022",15.1,28,"l","n",0,"","n",NA,NA,"",""
"494","Austevoll","Tipatiskaeret","3","24.07.2022",15.1,29,"s","n",0,"","n",NA,NA,"",""
"495","Austevoll","Tipatiskaeret","3","24.07.2022",15.1,30,"l","y",36,"n","n",NA,NA,"y",""
"496","Austevoll","Krabbavika","3","21.07.2022",15.9,2,"l","n",0,"","n",NA,NA,"",""
"497","Austevoll","Krabbavika","3","21.07.2022",15.9,3,"s","y",39,"n","n",NA,NA,"n",""
"498","Austevoll","Krabbavika","3","21.07.2022",15.9,4,"l","y",75,"n","n",NA,NA,"y",""
"499","Austevoll","Krabbavika","3","21.07.2022",15.9,8,"l","n",0,"","n",NA,NA,"",""
"500","Austevoll","Krabbavika","3","21.07.2022",15.9,23,"s","n",0,"","",NA,NA,"",""
"501","Austevoll","Krabbavika","3","21.07.2022",15.9,24,"l","n",0,"","",NA,NA,"",""
"502","Austevoll","Krabbavika","3","21.07.2022",15.9,25,"s","n",0,"","",NA,NA,"",""
"503","Austevoll","Krabbavika","3","21.07.2022",15.9,28,"l","n",0,"","",NA,NA,"",""
"504","Austevoll","Krabbavika","3","21.07.2022",15.9,29,"s","n",0,"","",NA,NA,"",""
"505","Austevoll","Krabbavika","3","21.07.2022",15.9,30,"l","n",0,"","",NA,NA,"",""
"506","Austevoll","Tipatiskaeret","2","22.06.2022",13.4,11,"s","n",0,"","",NA,NA,"",""
"507","Austevoll","Tipatiskaeret","2","22.06.2022",13.4,17,"s","n",0,"","",NA,NA,"",""
"508","Austevoll","Tipatiskaeret","2","22.06.2022",13.4,18,"l","y",16.5,"y","",NA,NA,"n",""
"509","Austevoll","Tipatiskaeret","2","22.06.2022",13.4,23,"s","y",6,"n","",NA,NA,"y",""
"510","Austevoll","Tipatiskaeret","2","22.06.2022",13.4,24,"l","y",74.5,"n","",NA,NA,"y",""
"511","Austevoll","Tipatiskaeret","2","22.06.2022",13.4,25,"s","y",19,"n","",NA,NA,"n",""
"512","Austevoll","Tipatiskaeret","2","22.06.2022",13.4,27,"s","y",NA,"n","",NA,NA,"n",""
"513","Austevoll","Lamoya","2","20.0.2022",13.9,1,"s","y",24.5,"y","n",NA,NA,"y",""
"514","Austevoll","Lamoya","2","20.0.2022",13.9,2,"l","n",0,"","n",NA,NA,"",""
"515","Austevoll","Lamoya","2","20.0.2022",13.9,3,"s","y",7.5,"n","n",NA,NA,"n",""
"516","Austevoll","Lamoya","2","20.0.2022",13.9,5,"s","n",0,"","n",NA,NA,"",""
"517","Austevoll","Lamoya","2","20.0.2022",13.9,6,"l","y",3,"y","n",NA,NA,"n",""
"518","Austevoll","Lamoya","2","20.0.2022",13.9,9,"s","n",0,"","n",NA,NA,"",""
"519","Austevoll","Lamoya","2","20.0.2022",13.9,10,"l","n",0,"","n",NA,NA,"",""
"520","Austevoll","Lamoya","2","20.0.2022",13.9,13,"s","y",25.5,"n","",NA,NA,"",""
"521","Austevoll","Lamoya","2","20.0.2022",13.9,14,"l","n",0,"","",NA,NA,"",""
"522","Austevoll","Krabbavika","2","19.06.2022",12.9,2,"l","y",21,"y","n",NA,NA,"n",""
"523","Austevoll","Krabbavika","2","19.06.2022",12.9,3,"s","y",6.5,"n","n",NA,NA,"n",""
"524","Austevoll","Krabbavika","2","19.06.2022",12.9,4,"l","y",11,"n","n",NA,NA,"n",""
"525","Austevoll","Krabbavika","2","19.06.2022",12.9,5,"s","y",25,"y","n",NA,NA,"n",""
"526","Austevoll","Krabbavika","2","19.06.2022",12.9,6,"l","y",25.5,"y","n",NA,NA,"n",""
"527","Austevoll","Krabbavika","2","19.06.2022",12.9,7,"s","y",16,"y","n",NA,NA,"n",""
"528","Austevoll","Krabbavika","2","19.06.2022",12.9,8,"l","y",24.5,"y","n",NA,NA,"n",""
"529","Austevoll","Krabbavika","2","19.06.2022",12.9,10,"l","y",5,"y","n",NA,NA,"n",""
"530","Austevoll","Krabbavika","2","19.06.2022",12.9,23,"s","n",0,"","",NA,NA,"",""
"531","Austevoll","Krabbavika","2","19.06.2022",12.9,25,"s","n",0,"","",NA,NA,"",""
"532","Austevoll","Krabbavika","2","19.06.2022",12.9,26,"l","n",0,"","",NA,NA,"",""
"533","Austevoll","Krabbavika","2","19.06.2022",12.9,27,"s","n",0,"","",NA,NA,"",""
"534","Austevoll","Krabbavika","2","19.06.2022",12.9,28,"l","n",0,"","",NA,NA,"",""
"535","Helligvaer","Store-kvannoya","2","10.06.2022",NA,14,"l","n",0,"","n",NA,NA,"",""
"536","Helligvaer","Store-kvannoya","2","10.06.2022",NA,16,"l","n",0,"","n",NA,NA,"",""
"537","Helligvaer","Store-kvannoya","2","10.06.2022",NA,1,"s","y",35,"n","n",NA,NA,"y",""
"538","Helligvaer","Store-kvannoya","2","10.06.2022",NA,2,"l","n",0,"","n",NA,NA,"",""
"539","Helligvaer","Store-kvannoya","2","10.06.2022",NA,3,"s","y",8,"n","n",NA,NA,"y",""
"540","Helligvaer","Store-kvannoya","2","10.06.2022",NA,4,"l","n",0,"","n",NA,NA,"",""
"541","Helligvaer","Gudmunholmen","2","12.06.2022",NA,21,"s","n",0,"","n",NA,NA,"",""
"542","Helligvaer","Gudmunholmen","2","12.06.2022",NA,22,"l","n",0,"","n",NA,NA,"",""
"543","Helligvaer","Gudmunholmen","2","12.06.2022",NA,25,"s","y",20,"n","n",NA,NA,"n",""
"544","Helligvaer","Gudmunholmen","2","12.06.2022",NA,26,"l","n",0,"","n",NA,NA,"",""
"545","Helligvaer","Gudmunholmen","2","12.06.2022",NA,28,"l","y",39,"n","n",NA,NA,"y",""
"546","Helligvaer","Gudmunholmen","2","12.06.2022",NA,29,"s","y",26,"y","n",NA,NA,"y",""
"547","Helligvaer","Gudmunholmen","2","12.06.2022",NA,30,"l","n",0,"","n",NA,NA,"",""
"548","Helligvaer","Gudmunholmen","2","12.06.2022",NA,2,"l","y",10,"n","n",NA,NA,"y",""
"549","Helligvaer","Gudmunholmen","2","12.06.2022",NA,5,"s","y",2,"y","n",NA,NA,"n","y"
"550","Helligvaer","Gudmunholmen","2","12.06.2022",NA,6,"l","y",10,"n","n",NA,NA,"",""
"551","Helligvaer","Gudmunholmen","2","12.06.2022",NA,7,"s","y",2,"n","n",NA,NA,"y",""
"552","Helligvaer","Gudmunholmen","2","12.06.2022",NA,8,"l","n",0,"","n",NA,NA,"",""
"553","Helligvaer","Gudmunholmen","2","12.06.2022",NA,9,"s","n",0,"","n",NA,NA,"",""
"554","Helligvaer","Litj-sorroy","2","13.06.2022",10,21,"","",NA,"","",NA,NA,"",""
"555","Helligvaer","Litj-sorroy","2","13.06.2022",10,22,"l","n",0,"","n",NA,NA,"",""
"556","Helligvaer","Litj-sorroy","2","13.06.2022",10,23,"s","n",0,"","n",NA,NA,"",""
"557","Helligvaer","Litj-sorroy","2","13.06.2022",10,24,"l","n",0,"","n",NA,NA,"",""
"558","Helligvaer","Litj-sorroy","2","13.06.2022",10,25,"s","n",0,"","n",NA,NA,"",""
"559","Helligvaer","Litj-sorroy","2","13.06.2022",10,26,"l","n",0,"","n",NA,NA,"",""
"560","Helligvaer","Litj-sorroy","2","13.06.2022",10,27,"s","n",0,"","n",NA,NA,"",""
"561","Helligvaer","Litj-sorroy","2","13.06.2022",10,13,"s","y",11,"y","n",NA,NA,"y",""
"562","Helligvaer","Litj-sorroy","2","13.06.2022",10,15,"s","n",0,"","n",NA,NA,"",""
"563","Helligvaer","Litj-sorroy","2","13.06.2022",10,16,"l","n",0,"","n",NA,NA,"",""
"564","Helligvaer","Litj-sorroy","2","13.06.2022",10,17,"s","n",0,"","n",NA,NA,"",""
"565","Helligvaer","Litj-sorroy","2","13.06.2022",10,19,"","",NA,"","",NA,NA,"",""
"566","Helligvaer","Litj-sorroy","2","13.06.2022",10,20,"l","n",0,"","n",NA,NA,"",""
"567","Helligvaer","Gudmunholmen","3","05.07.2022",NA,1,"s","y",24.5,"y","n",NA,NA,"n",""
"568","Helligvaer","Gudmunholmen","3","05.07.2022",NA,2,"l","y",2,"y","n",NA,NA,"","y"
"569","Helligvaer","Gudmunholmen","3","05.07.2022",NA,4,"l","n",0,"","n",NA,NA,"",""
"570","Helligvaer","Gudmunholmen","3","05.07.2022",NA,5,"s","n",0,"","n",NA,NA,"",""
"571","Helligvaer","Gudmunholmen","3","05.07.2022",NA,6,"l","n",0,"","n",NA,NA,"",""
"572","Helligvaer","Gudmunholmen","3","05.07.2022",NA,7,"s","n",0,"","n",NA,NA,"y","y"
"573","Helligvaer","Gudmunholmen","3","05.07.2022",NA,8,"l","y",36.5,"y","n",NA,NA,"y",""
"574","Helligvaer","Gudmunholmen","3","05.07.2022",NA,9,"s","n",0,"","n",NA,NA,"",""
"575","Helligvaer","Gudmunholmen","3","05.07.2022",NA,21,"s","n",0,"","n",NA,NA,"",""
"576","Helligvaer","Gudmunholmen","3","05.07.2022",NA,22,"l","y",25,"y","n",NA,NA,"",""
"577","Helligvaer","Gudmunholmen","3","05.07.2022",NA,24,"l","n",0,"","n",NA,NA,"",""
"578","Helligvaer","Gudmunholmen","3","05.07.2022",NA,25,"s","y",6.5,"y","n",NA,NA,"y",""
"579","Helligvaer","Gudmunholmen","3","05.07.2022",NA,26,"l","y",4,"y","n",NA,NA,"","y"
"580","Helligvaer","Gudmunholmen","3","05.07.2022",NA,27,"s","y",15.5,"y","n",NA,NA,"y","y"
"581","Helligvaer","Gudmunholmen","3","05.07.2022",NA,28,"l","n",0,"","n",NA,NA,"",""
"582","Helligvaer","Litj-sorroy","3","04.07.2022",13.6,11,"s","y",5,"n","n",NA,NA,"y",""
"583","Helligvaer","Litj-sorroy","3","04.07.2022",13.6,16,"l","n",0,"","n",NA,NA,"",""
"584","Helligvaer","Litj-sorroy","3","04.07.2022",13.6,18,"l","n",0,"","n",NA,NA,"",""
"585","Helligvaer","Litj-sorroy","3","04.07.2022",13.6,19,"s","",NA,"","",NA,NA,"",""
"586","Helligvaer","Litj-sorroy","3","04.07.2022",13.6,20,"l","n",0,"","n",NA,NA,"",""
"587","Helligvaer","Litj-sorroy","3","04.07.2022",13.6,23,"s","n",0,"","n",NA,NA,"",""
"588","Helligvaer","Litj-sorroy","3","04.07.2022",13.6,24,"l","n",0,"","n",NA,NA,"",""
"589","Helligvaer","Litj-sorroy","3","04.07.2022",13.6,27,"s","y",1,"n","n",NA,NA,"","y"
"590","Helligvaer","Litj-sorroy","3","04.07.2022",13.6,29,"s","n",0,"","n",NA,NA,"",""
"591","Helligvaer","Store-kvannoya","3","07.07.2022",12.4,11,"s","y",24,"n","n",NA,NA,"y",""
"592","Helligvaer","Store-kvannoya","3","07.07.2022",12.4,12,"l","y",1,"y","n",NA,NA,"y",""
"593","Helligvaer","Store-kvannoya","3","07.07.2022",12.4,13,"s","n",0,"","n",NA,NA,"",""
"594","Helligvaer","Store-kvannoya","3","07.07.2022",12.4,14,"l","y",1,"y","n",NA,NA,"y","y"
"595","Helligvaer","Store-kvannoya","3","07.07.2022",12.4,16,"l","y",16,"n","n",NA,NA,"y",""
"596","Helligvaer","Store-kvannoya","3","07.07.2022",12.4,17,"s","y",18.5,"y","n",NA,NA,"y",""
"597","Helligvaer","Store-kvannoya","3","07.07.2022",12.4,18,"l","n",0,"","n",NA,NA,"",""
"598","Helligvaer","Store-kvannoya","3","07.07.2022",12.4,19,"s","y",2,"y","n",NA,NA,"y",""
"599","Helligvaer","Store-kvannoya","3","07.07.2022",12.4,1,"s","y",28,"y","n",NA,NA,"y",""
"600","Helligvaer","Store-kvannoya","3","07.07.2022",12.4,2,"l","y",2.5,"y","n",NA,NA,"y",""
"601","Helligvaer","Store-kvannoya","3","07.07.2022",12.4,5,"s","y",10.5,"y","n",NA,NA,"y",""
"602","Helligvaer","Store-kvannoya","3","07.07.2022",12.4,6,"l","y",29,"n","n",NA,NA,"y",""
"603","Helligvaer","Store-kvannoya","3","07.07.2022",12.4,7,"s","y",3,"y","n",NA,NA,"y","y"
"604","Helligvaer","Store-kvannoya","3","07.07.2022",12.4,8,"l","y",35,"y","n",NA,NA,"y",""
"605","Helligvaer","Store-kvannoya","3","07.07.2022",12.4,10,"l","y",13,"y","n",NA,NA,"y","y"
"606","Ringstad","Dragan Hammaran","2","22.06.2022",11.7,12,"l","n",0,"","n",NA,NA,"",""
"607","Ringstad","Dragan Hammaran","2","22.06.2022",11.7,13,"s","n",0,"","n",NA,NA,"",""
"608","Ringstad","Dragan Hammaran","2","22.06.2022",11.7,14,"l","n",0,"","n",NA,NA,"",""
"609","Ringstad","Dragan Hammaran","2","22.06.2022",11.7,15,"s","n",0,"","n",NA,NA,"",""
"610","Ringstad","Dragan Hammaran","2","22.06.2022",11.7,16,"l","n",0,"","n",NA,NA,"",""
"611","Ringstad","Dragan Hammaran","2","22.06.2022",11.7,17,"s","n",0,"","n",NA,NA,"",""
"612","Ringstad","Dragan Hammaran","2","22.06.2022",11.7,18,"l","n",0,"","n",NA,NA,"",""
"613","Ringstad","Dragan Hammaran","2","22.06.2022",11.7,19,"s","n",0,"","n",NA,NA,"",""
"614","Ringstad","Dragan Hammaran","2","22.06.2022",11.7,1,"s","n",0,"","n",NA,NA,"",""
"615","Ringstad","Dragan Hammaran","2","22.06.2022",11.7,2,"l","n",0,"","n",NA,NA,"",""
"616","Ringstad","Dragan Hammaran","2","22.06.2022",11.7,5,"s","y",26,"n","y",NA,NA,"n",""
"617","Ringstad","Dragan Hammaran","2","22.06.2022",11.7,6,"l","n",0,"","n",NA,NA,"",""
"618","Ringstad","Dragan Hammaran","2","22.06.2022",11.7,7,"s","n",0,"","n",NA,NA,"",""
"619","Ringstad","Dragan Hammaran","2","22.06.2022",11.7,8,"l","n",0,"","n",NA,NA,"",""
"620","Ringstad","Dragan Hammaran","2","22.06.2022",11.7,9,"s","n",0,"","n",NA,NA,"",""
"621","Ringstad","Finnoya","2","26.06.2022",12.5,21,"s","n",0,"","n",NA,NA,"",""
"622","Ringstad","Finnoya","2","26.06.2022",12.5,22,"l","n",0,"","n",NA,NA,"",""
"623","Ringstad","Finnoya","2","26.06.2022",12.5,23,"s","n",0,"","n",NA,NA,"",""
"624","Ringstad","Finnoya","2","26.06.2022",12.5,24,"l","n",0,"","n",NA,NA,"",""
"625","Ringstad","Finnoya","2","26.06.2022",12.5,27,"s","n",0,"","n",NA,NA,"",""
"626","Ringstad","Finnoya","2","26.06.2022",12.5,30,"l","n",0,"","n",NA,NA,"",""
"627","Ringstad","Hongvaeret","2","27.06.2022",11.7,11,"s","n",0,"","n",NA,NA,"",""
"628","Ringstad","Hongvaeret","2","27.06.2022",11.7,12,"l","n",0,"","n",NA,NA,"",""
"629","Ringstad","Hongvaeret","2","27.06.2022",11.7,13,"s","n",0,"","n",NA,NA,"",""
"630","Ringstad","Hongvaeret","2","27.06.2022",11.7,14,"l","n",0,"","n",NA,NA,"",""
"631","Ringstad","Hongvaeret","2","27.06.2022",11.7,15,"s","n",0,"","n",NA,NA,"",""
"632","Ringstad","Hongvaeret","2","27.06.2022",11.7,16,"l","n",0,"","n",NA,NA,"",""
"633","Ringstad","Hongvaeret","2","27.06.2022",11.7,17,"s","n",0,"","n",NA,NA,"",""
"634","Ringstad","Hongvaeret","2","27.06.2022",11.7,20,"l","n",0,"","n",NA,NA,"",""
"635","Ringstad","Hongvaeret","2","27.06.2022",11.7,1,"s","n",0,"","n",NA,NA,"",""
"636","Ringstad","Hongvaeret","2","27.06.2022",11.7,2,"l","y",81,"y","n",NA,NA,"y",""
"637","Ringstad","Hongvaeret","2","27.06.2022",11.7,3,"s","n",0,"","n",NA,NA,"",""
"638","Ringstad","Hongvaeret","2","27.06.2022",11.7,5,"s","n",0,"","n",NA,NA,"",""
"639","Ringstad","Hongvaeret","2","27.06.2022",11.7,6,"l","n",0,"","n",NA,NA,"",""
"640","Ringstad","Hongvaeret","2","27.06.2022",11.7,9,"s","n",0,"","n",NA,NA,"",""
"641","Ringstad","Hongvaeret","2","27.06.2022",11.7,10,"l","n",0,"","n",NA,NA,"",""
"642","Ringstad","Dragan Hammaran","3","16.07.2022",12.9,11,"s","y",1,"y","n",NA,NA,"y",""
"643","Ringstad","Dragan Hammaran","3","16.07.2022",12.9,12,"l","n",0,"","n",NA,NA,"",""
"644","Ringstad","Dragan Hammaran","3","16.07.2022",12.9,13,"s","n",0,"","n",NA,NA,"",""
"645","Ringstad","Dragan Hammaran","3","16.07.2022",12.9,14,"l","n",0,"","n",NA,NA,"",""
"646","Ringstad","Dragan Hammaran","3","16.07.2022",12.9,15,"s","n",0,"","n",NA,NA,"",""
"647","Ringstad","Dragan Hammaran","3","16.07.2022",12.9,16,"l","n",0,"","n",NA,NA,"",""
"648","Ringstad","Dragan Hammaran","3","16.07.2022",12.9,17,"s","n",0,"","n",NA,NA,"",""
"649","Ringstad","Dragan Hammaran","3","16.07.2022",12.9,18,"l","n",0,"","n",NA,NA,"",""
"650","Ringstad","Dragan Hammaran","3","16.07.2022",12.9,19,"s","n",0,"","n",NA,NA,"",""
"651","Ringstad","Dragan Hammaran","3","16.07.2022",12.9,20,"l","n",0,"","n",NA,NA,"",""
"652","Ringstad","Dragan Hammaran","3","16.07.2022",12.9,1,"s","n",0,"","n",NA,NA,"",""
"653","Ringstad","Dragan Hammaran","3","16.07.2022",12.9,5,"s","n",0,"","n",NA,NA,"",""
"654","Ringstad","Dragan Hammaran","3","16.07.2022",12.9,6,"l","n",0,"","n",NA,NA,"",""
"655","Ringstad","Dragan Hammaran","3","16.07.2022",12.9,7,"s","n",0,"","n",NA,NA,"",""
"656","Ringstad","Dragan Hammaran","3","16.07.2022",12.9,8,"l","n",0,"","n",NA,NA,"",""
"657","Ringstad","Dragan Hammaran","3","16.07.2022",12.9,9,"s","n",0,"","n",NA,NA,"",""
"658","Ringstad","Finnoya","3","18.07.2022",13.2,25,"s","n",0,"","n",NA,NA,"",""
"659","Ringstad","Finnoya","3","18.07.2022",13.2,26,"l","n",0,"","n",NA,NA,"",""
"660","Ringstad","Finnoya","3","18.07.2022",13.2,27,"s","n",0,"","n",NA,NA,"",""
"661","Ringstad","Finnoya","3","18.07.2022",13.2,28,"l","n",0,"","n",NA,NA,"",""
"662","Ringstad","Finnoya","3","18.07.2022",13.2,30,"l","y",29,"y","n",NA,NA,"y",""
"663","Ringstad","Finnoya","3","18.07.2022",13.2,11,"s","y",1,"n","n",NA,NA,"y",""
"664","Ringstad","Finnoya","3","18.07.2022",13.2,12,"l","n",0,"n","n",NA,NA,"y",""
"665","Ringstad","Finnoya","3","18.07.2022",13.2,13,"s","y",1,"y","n",NA,NA,"y","y"
"666","Ringstad","Finnoya","3","18.07.2022",13.2,14,"l","n",0,"n","n",NA,NA,"",""
"667","Ringstad","Finnoya","3","18.07.2022",13.2,17,"s","y",6.5,"y","n",NA,NA,"n",""
"668","Ringstad","Finnoya","3","18.07.2022",13.2,19,"s","y",1.5,"y","n",NA,NA,"n",""
"669","Ringstad","Hongvaeret","3","20.07.2022",14,11,"s","n",0,"","n",NA,NA,"",""
"670","Ringstad","Hongvaeret","3","20.07.2022",14,12,"l","n",0,"","n",NA,NA,"",""
"671","Ringstad","Hongvaeret","3","20.07.2022",14,13,"s","y",1,"","n",NA,NA,"",""
"672","Ringstad","Hongvaeret","3","20.07.2022",14,14,"l","n",0,"","n",NA,NA,"",""
"673","Ringstad","Hongvaeret","3","20.07.2022",14,15,"s","n",0,"","n",NA,NA,"",""
"674","Ringstad","Hongvaeret","3","20.07.2022",14,16,"l","n",0,"","n",NA,NA,"",""
"675","Ringstad","Hongvaeret","3","20.07.2022",14,17,"s","n",0,"","n",NA,NA,"",""
"676","Ringstad","Hongvaeret","3","20.07.2022",14,18,"l","y",1,"n","n",NA,NA,"",""
"677","Ringstad","Hongvaeret","3","20.07.2022",14,19,"s","n",0,"","n",NA,NA,"",""
"678","Ringstad","Hongvaeret","3","20.07.2022",14,20,"l","n",0,"","n",NA,NA,"",""
"679","Ringstad","Hongvaeret","3","20.07.2022",14,2,"l","n",0,"","n",NA,NA,"",""
"680","Ringstad","Hongvaeret","3","20.07.2022",14,3,"s","n",0,"","n",NA,NA,"",""
"681","Ringstad","Hongvaeret","3","20.07.2022",14,4,"l","n",0,"","n",NA,NA,"",""
"682","Ringstad","Hongvaeret","3","20.07.2022",14,5,"s","n",0,"","n",NA,NA,"",""
"683","Ringstad","Hongvaeret","3","20.07.2022",14,6,"l","n",0,"","n",NA,NA,"",""
"684","Ringstad","Hongvaeret","3","20.07.2022",14,8,"l","n",0,"","n",NA,NA,"",""
"685","Ringstad","Hongvaeret","3","20.07.2022",14,9,"s","n",0,"","n",NA,NA,"",""
"686","Ringstad","Hongvaeret","3","20.07.2022",14,10,"l","n",0,"","n",NA,NA,"",""
